produto,genero;;;;;;;;;
PINOS M¡GICOS CX C/ 170 P«S,ambos;;;;;;;;;
JOGO T√Å NA CARA NARUTO SHIPPUDEN,menino;;;;;;;;;
JOGO TORRE CONGELANTE - FROZEN,menina;;;;;;;;;
CARDS COLECIONAVEIS - NARUTO SHIPPUDEN,menino;;;;;;;;;
GINA GIRAFA,ambos;;;;;;;;;
PALHA«O SAPEKA,ambos;;;;;;;;;
PUZZLE PLAY - 200 PCS - NARUTO SHIPPUDEN,menino;;;;;;;;;
MARACAS,ambos;;;;;;;;;
CHOCALHO & MORDEDOR GIRA GIRA - GALINHA PINTADINHA MINI,ambos;;;;;;;;;
PINTINHO AMARELINHO MUSICAL - GALINHA PINTADINHA MINI,ambos;;;;;;;;;
BI BI FOM FOM,ambos;;;;;;;;;
PET SHOP DA MINNIE,menina;;;;;;;;;
FOFO BLOCOS - VAN ESCOLAR,ambos;;;;;;;;;
ZUQUINHA,ambos;;;;;;;;;
ZOOM - LANCADOR E ALVO,ambos;;;;;;;;;
KIT NINJA - NARUTO SHIPPUDEN,menino;;;;;;;;;
ARCO E DARDOS,ambos;;;;;;;;;
CUBO ENTRELA√?ADO,ambos;;;;;;;;;
MAXI PEGA VARETA - NOVO,ambos;;;;;;;;;
ROBY - ROBO DE ATIVIDADES,ambos;;;;;;;;;
DR. (A) DODOI,ambos;;;;;;;;;
MICKEY RADICAL,menino;;;;;;;;;
MEMO MIX - COCOMELON,ambos;;;;;;;;;
CHOCALHO MICKEY,ambos;;;;;;;;;
MATRIOSKA 943,ambos;;;;;;;;;
CHOCALHO MINNIE,menina;;;;;;;;;
JOGO CAMPO MINADO LUCCAS NETO,menino;;;;;;;;;
MORDEDOR VIDEO GAME - ROSA,ambos;;;;;;;;;
BINGO,ambos;;;;;;;;;
CESTA DE BASQUETE NBA,ambos;;;;;;;;;
MORDEDOR VIDEO GAME - AZUL,ambos;;;;;;;;;
ARTS KIT PINTURA - CHASE,menino;;;;;;;;;
PUZZLE PLAY 200 PECAS - DRAGON BALL Z,menino;;;;;;;;;
JOGO MEMO PLAY STITCH,ambos;;;;;;;;;
¡BACO,ambos;;;;;;;;;
PLAYSET BLOCOS MAGICOS 40 PECAS FROZEN,menina;;;;;;;;;
JOGO OLHO MAGICO DA BARBIE,menina;;;;;;;;;
ARTS KIT PINTURA EMILLY VICK,menina;;;;;;;;;
FAM√çLIA - GALINHA PINTADINHA,ambos;;;;;;;;;
MENINO GATO - PJ MASKS,menino;;;;;;;;;
BATE BOLINHA - DISCO VOADOR 949,ambos;;;;;;;;;
LEV-PAG,ambos;;;;;;;;;
MORDEDOR ESCOVINHA - ROSA,ambos;;;;;;;;;
BABY VAN GALINHA PINTADINHA,ambos;;;;;;;;;
CASA DA ARVORE,ambos;;;;;;;;;
MEU LIVRINHO GALINHA PINTADINHA,ambos;;;;;;;;;
GIRA GIRA TUBARAO,ambos;;;;;;;;;
MEU LIVRINHO SONORO - TOY STORY BABY,menino;;;;;;;;;
JOGO KAZAA JUNIOR - SPIDER-MAN,menino;;;;;;;;;
FOFO BLOCOS - FAZENDINHA,ambos;;;;;;;;;
JOGO TRIM TRIM AVENGERS,menino;;;;;;;;;
SOS RESGATE - BOMBEIRO,ambos;;;;;;;;;
JOGO TRILHA - FROZEN,menina;;;;;;;;;
SOS RESGATE - AMBUL√ÇNCIA,ambos;;;;;;;;;
JOGO TRIM TRIM - PRINCESAS,menina;;;;;;;;;
CHOCALHO ESTICADINHO - BABY SHARK,ambos;;;;;;;;;
PUZZLE PLAY VIAGEM PELO MUNDO 214 P«S - L.O.L SURPRISE,menina;;;;;;;;;
MINHA BANDINHA - PATRULHA CANINA,ambos;;;;;;;;;
PUZZLE PLAY 500 PECAS - NBA,menino;;;;;;;;;
CHOCALHO ESTICADINHO - LE√ÉO,ambos;;;;;;;;;
JOGO KAZAA - NBA,menino;;;;;;;;;
CHOCALHO ESTICADINHO - ELEFANTE,ambos;;;;;;;;;
JOGO NBA PLAYOFFS,menino;;;;;;;;;
JOGO TOPA OU N√ÉO TOPA - SBT,ambos;;;;;;;;;
JOGO TRILHA HARRY POTTER,ambos;;;;;;;;;
JOGO RODA A RODA JEQUITI - SBT,ambos;;;;;;;;;
CUBO DE ENCAIXES - BABY SHARK,ambos;;;;;;;;;
XADREZ E DAMA EDUCATIVO,ambos;;;;;;;;;
BONECA AVENTUREIRA VERMELHA - LUCCAS NETO,menino;;;;;;;;;
JOGO BINGO CLASSICO,ambos;;;;;;;;;
BONECO LUCCAS NETO - LUCCAS NETO,menino;;;;;;;;;
JOGO DO CHURRASCO,ambos;;;;;;;;;
TINA REX PAPA TUDO,ambos;;;;;;;;;
VAMOS PASSEAR GALINHA PINTADINHA,ambos;;;;;;;;;
ARTS KIT PINTURA BLUEY E BINGO,ambos;;;;;;;;;
GUITARRA BLUEY,ambos;;;;;;;;;
MARACA E PANDEIRO BLUEY,ambos;;;;;;;;;
BOLSINHA DA MAMAE BABY ALIVE,menina;;;;;;;;;
PUZZLE PLAY 100 PECAS - LENTE MAGICA - ONE PIECE,menino;;;;;;;;;
SPLASH MANIA STITCH,ambos;;;;;;;;;
PIPINELA PEPPA,ambos;;;;;;;;;
MEU AMIGO BUZZ LIGHTYEAR,menino;;;;;;;;;
BONECO BABY SHARK,ambos;;;;;;;;;
VIOL√ÉO SONORO GALINHA PINTADINHA,ambos;;;;;;;;;
CUBO DE ENCAIXES,ambos;;;;;;;;;
NINA UNIC”RNIO - COLE«√O CORRE CORRE,ambos;;;;;;;;;
ENCAIXE COR - MONTE E ASSOCIE AS CORES,ambos;;;;;;;;;
MORDEDOR ESCOVINHA,ambos;;;;;;;;;
DINOZOOM,ambos;;;;;;;;;
VIOL√O - PATRULHA CANINA,ambos;;;;;;;;;
JOGO CHAVE M¡GICA - PATRULHA CANINA,ambos;;;;;;;;;
BUMBO - PATRULHA CANINA,ambos;;;;;;;;;
CHOCALHO PLUTO,ambos;;;;;;;;;
OLAF - 14 P«S - FROZEN,menina;;;;;;;;;
BOLSINHA BIJU ENCANTO,menina;;;;;;;;;
FOFO BLOCOS 15 PE«AS GALINHA PINTADINHA MINI,ambos;;;;;;;;;
ENCAIXE FORMAS - PLUTO,ambos;;;;;;;;;
FOFO BLOCOS BARCO PIRATA - 13 PE«AS,ambos;;;;;;;;;
JOGO O CHAO E LAVA - PATRULHA CANINA,ambos;;;;;;;;;
MAPA DO BRASIL 3D PL¡STICO,ambos;;;;;;;;;
BINGO DA BINGO - BLUEY,ambos;;;;;;;;;
JOGO PAPA BOLINHA - ELEMENTOS DA NATUREZA - FROZEN II,menina;;;;;;;;;
PUZZLE PLAY 60 PECAS - LENTE MAGICA - BLUEY,ambos;;;;;;;;;
DOUTOR (A) PET,ambos;;;;;;;;;
QUEBRA CABE«A E JG MEM”RIA - RICKY ZOOM,ambos;;;;;;;;;
JOGO LANCE LIVRE - NBA,menino;;;;;;;;;
SENHOR (A) DETETIVE,ambos;;;;;;;;;
JOGO PAPA BOLINHA - PATRULHA CANINA,ambos;;;;;;;;;
PUZZLE PLAY 200 PECAS - NBA,menino;;;;;;;;;
RODA PI√O,ambos;;;;;;;;;
PUXA ESPINHO,ambos;;;;;;;;;
BOLSINHA FASHION BIJU - L.O.L. SURPRISE,menina;;;;;;;;;
MONTA PALAVRAS ALFABETO - PATRULHA CANINA,ambos;;;;;;;;;
ACERTE O ALVO - NERF,menino;;;;;;;;;
KIT LETRAS ALFABETO,ambos;;;;;;;;;
JOGO TIRA VARETAS - AVENGERS,menino;;;;;;;;;
MORDEDOR MEU PET AU AU,ambos;;;;;;;;;
JOGO SPIDEY BALL,menino;;;;;;;;;
MORDEDOR MEU PET MIAU,ambos;;;;;;;;;
TELEFONE SONORO GALINHA PINTADINHA MINI,ambos;;;;;;;;;
FAZENDINHA DA GALINHA - GALINHA PINTADINHA MINI,ambos;;;;;;;;;
CHOCALHO & MORDEDOR - BICHITOS,ambos;;;;;;;;;
HELIC”PTERO - PEPPA PIG,ambos;;;;;;;;;
ENCAIXE COR - PATRULHA CANINA,ambos;;;;;;;;;
BONECO MICKEY,menino;;;;;;;;;
ELSA - FROZEN,menina;;;;;;;;;
BONECA MINNIE,menina;;;;;;;;;
CASTELO CONGELANTE - FROZEN,menina;;;;;;;;;
REL√?MPAGO MCQUEEN,menino;;;;;;;;;
DINO PAPA TUDO,ambos;;;;;;;;;
BATE REBATE - MINHOQUINHAS,ambos;;;;;;;;;
HORA DO FAZ DE CONTA - BABY ALIVE - BOLSINHA DA MAM√E,menina;;;;;;;;;
CAIXA DE BRINCADEIRAS,ambos;;;;;;;;;
GALINHA PINTADINHA MINI MUSICAL,ambos;;;;;;;;;
GEORGE - PEPPA PIG,ambos;;;;;;;;;
VOLANTE FOM FOM,ambos;;;;;;;;;
FOFO BLOCOS BARCO PIRATA - 14PCS,ambos;;;;;;;;;
PINOS M√ÅGICOS 500,ambos;;;;;;;;;
CASINHA DA VOVO - ENCAIXE AS FORMAS,ambos;;;;;;;;;
DOUTOR (A) DOD√ìI MALETINHA,ambos;;;;;;;;;
PLAYSET BLOCOS MAGICOS 40 PECAS TOY STORY,menino;;;;;;;;;
MORDEDOR & CHOCALHO GALINHA PINTADINHA MINI,ambos;;;;;;;;;
PIC NIC MANIA - MARIA CLARA E JP,menina;;;;;;;;;
JOGO DE ARGOLAS BLUEY,ambos;;;;;;;;;
ARCO E DARDOS - NERF,menino;;;;;;;;;
JOGO RANK NINJA - NARUTO SHIPPUDEN,menino;;;;;;;;;
JOGO MEMO PLAY DOS ROSA,ambos;;;;;;;;;
JOGO TIRA VARETAS - PJ MASKS,menino;;;;;;;;;
JOGO BATALHA NINJA - NARUTO SHIPPUDEN,menino;;;;;;;;;
PUZZLE PROGRESSIVO GALINHA PINTADINHA 4. 6 E 8 PECAS,ambos;;;;;;;;;
CONTROLE REMOTO,ambos;;;;;;;;;
PUZZLE PLAY 100 PCS - LENTE M√ÅGICA - NARUTO SHIPPUDEN,menino;;;;;;;;;
SPLASH MANIA SPIDER-MAN,menino;;;;;;;;;
FLORA - FADINHA DE ATIVIDADES,ambos;;;;;;;;;
JOGO TERREMOTO - MARIA CLARA E JP,menina;;;;;;;;;
JOGO TIRA VARETAS SPIDER-MAN,menino;;;;;;;;;
MINNIE CONTA HISTORIAS,menina;;;;;;;;;
JOGO O CH√?O √? LAVA - MARIA CLARA E JP,menina;;;;;;;;;
DOUTOR(A) DODOI BLUEY,ambos;;;;;;;;;
REINO DOS SONHOS - PRINCESAS,menina;;;;;;;;;
JOGO TERREMOTO - DISNEY PIXAR,ambos;;;;;;;;;
FOFO BLOCOS NAVIO PIRATA - 12 PECAS,ambos;;;;;;;;;
MINHA BOLSINHA - PEPPA,ambos;;;;;;;;;
DR (A) DENTINHO,ambos;;;;;;;;;
FOFO BLOCOS 25 PCS,ambos;;;;;;;;;
PRINCESINHA SOFIA,menina;;;;;;;;;
PEPPA PRINCESA - PEPPA PIG,menina;;;;;;;;;
MC QUEEN COM ATIVIDADES,menino;;;;;;;;;
BLOCOS MAGICOS VAN DO MICKEY,menino;;;;;;;;;
JOGO TERREMOTO - HOT WHEELS,menino;;;;;;;;;
JOGO TRIOMINOS ORIGINAL,ambos;;;;;;;;;
MORDEDOR & CHOCALHO - PEPPA 1029,ambos;;;;;;;;;
FOFO BLOCOS FABULAS - OS TRES PORQUINHOS,ambos;;;;;;;;;
FOFO BLOCOS FABULAS - CHAPEUZINHO VERMELHO,ambos;;;;;;;;;
JOGO KAZAA - DRAGON BALL Z,menino;;;;;;;;;
PUZZLE PLAY 100 PECAS - LENTE MAGICA - DRAGON BALL Z,menino;;;;;;;;;
MORDEDOR LUVINHA DINO - VERDE,ambos;;;;;;;;;
MORDEDOR LUVINHA DINO - ROSA,ambos;;;;;;;;;
ARTS KIT DESENHO - HARRY POTTER,ambos;;;;;;;;;
PLAYSET AVENTURA DINO E AMIGOS,ambos;;;;;;;;;
PUZZLE PLAY 60 PECAS LENTE MAGICA PATRULHA CANINA,ambos;;;;;;;;;
MOANA.,menina;;;;;;;;;
ARIEL.,menina;;;;;;;;;
BLOCOS MAGICOS BUZZ,menino;;;;;;;;;
BLOCOS MAGICOS MINNIE,menina;;;;;;;;;
PUZZLE PROGRESSIVO BLUEY 12. 20 E 30 PECAS,ambos;;;;;;;;;
JOGO TIRA VARETAS DOS ROSA,ambos;;;;;;;;;
PIC NIC NO PARQUE BARBIE,menina;;;;;;;;;
ARTS KIT DESENHO - BARBIE,menina;;;;;;;;;
JOGO AVALANCHE BARBIE,menina;;;;;;;;;
FONINHO SONORO - MINNIE,menina;;;;;;;;;
JOGO CHAVE MAGICA HOT WHEELS,menino;;;;;;;;;
BABY UNIC”RNIO,ambos;;;;;;;;;
CESTA DE BASQUETE HOT WHEELS,menino;;;;;;;;;
PIPINELA - PATRULHA CANINA,ambos;;;;;;;;;
JOGO WANTED - ONE PIECE,menino;;;;;;;;;
PUZZLE PLAY 100 PECAS DOS ROSA,ambos;;;;;;;;;
PEPPA COM ATIVIDADES - PEPPA PIG,ambos;;;;;;;;;
JOGO TRIOMINOS JUNIOR,ambos;;;;;;;;;
ENCAIXE COR - TOY STORY BABY,menino;;;;;;;;;
JOGO LAN«A BOLINHAS - PATRULHA CANINA,ambos;;;;;;;;;
JOGO LAN«A GARFINHO - TOY STORY 4,menino;;;;;;;;;
JOGO TIRA VARETAS - LUCCAS NETO,menino;;;;;;;;;
BLUEY,ambos;;;;;;;;;
JOGO AVALANCHE - LUCCAS NETO,menino;;;;;;;;;
JOGO BATALHA DAS ESFERAS - DRAGON BALL Z,menino;;;;;;;;;
ENCAIXE COR - BABY SHARK,ambos;;;;;;;;;
SPLASH MANIA - PATRULHA CANINA,ambos;;;;;;;;;
FOFO BLOCOS 15 PE«AS - BABY SHARK,ambos;;;;;;;;;
SPLASH MANIA PRINCESA,menina;;;;;;;;;
ANNA - FROZEN,menina;;;;;;;;;
JOGO TRIO DRAGON BALL Z,menino;;;;;;;;;
MINNIE PATINADORA,menina;;;;;;;;;
JOGO DA MEMORIA BLUEY,ambos;;;;;;;;;
SMARTPHONE SONORO,ambos;;;;;;;;;
STITCH,ambos;;;;;;;;;
ARTS KIT PINTURA - SKYE,menina;;;;;;;;;
BONECO NARUTO UZUMAKI CHIBI - NARUTO SHIPPUDEN,menino;;;;;;;;;
ANGEL,menina;;;;;;;;;
BONECO NARUTO UZUMAKI - NARUTO SHIPPUDEN,menino;;;;;;;;;
PUXA ESPINHO STITCH,ambos;;;;;;;;;
TAXI MALUCO ,ambos;;;;;;;;;
CAC√Å - MEXE PERNINHAS,ambos;;;;;;;;;
CHOCALHO & MORDEDOR GIRA-GIRA,ambos;;;;;;;;;
JOGO RANK MARVEL UNIVERSE,menino;;;;;;;;;
PUZZLE PLAY 20 PCS LENTE MAGICA - COCOMELON,ambos;;;;;;;;;
SKIN MONKEY D. LUFFY - ONE PIECE,menino;;;;;;;;;
PUZZLE PLAY DINOSSAUROS 100 PE√áAS LENTE M√ÅGICA - MANUAL DO MUNDO,ambos;;;;;;;;;
PUZZLE PLAY 200 PCS - ONE PIECE,menino;;;;;;;;;
MONTA PALAVRAS TRILINGUE,ambos;;;;;;;;;
LAGARTIXO - PJMASKS,menino;;;;;;;;;
ENCAIXE FORMAS - GALINHA PINTADINHA MINI,ambos;;;;;;;;;
ACHE ENCAIXE 4. 6 E 8 PE√áAS - COCOMELON,ambos;;;;;;;;;
BONECO GALINHA PINTADINHA,ambos;;;;;;;;;
HORA DO PIC NIC - BABY ALIVE,menina;;;;;;;;;
MEU AMIGO WOODY,menino;;;;;;;;;
FOFOBUS - 14 PE«AS,ambos;;;;;;;;;
ENCAIXE FORMAS - ONCINHA PINTADA,ambos;;;;;;;;;
ROBOTZ - MONTE SEU ROB‘,ambos;;;;;;;;;
ELK√?O - QUER PASSEAR!,ambos;;;;;;;;;
GEORGE COM ATIVIDADES - PEPPA PIG,ambos;;;;;;;;;
MATRIOSKA - BICHITOS,ambos;;;;;;;;;
FOFO BLOCOS - COCOMELON,ambos;;;;;;;;;
CHOCALHO & MORDEDOR GIRA GIRA - BABY SHARK,ambos;;;;;;;;;
DOUTOR (A) OLHINHOS,ambos;;;;;;;;;
RODA PI√O - BABY SHARK,ambos;;;;;;;;;
FASHION BIJU - L.O.L. SUPRISE,menina;;;;;;;;;
JOGO TIRA VARETAS - FROZEN 2,menina;;;;;;;;;
JOGO TERREMOTO - SPIDEY,menino;;;;;;;;;
MONTA PALAVRAS,ambos;;;;;;;;;
JOGO TIRA VARETAS - PATRULHA CANINA,ambos;;;;;;;;;
